invoice_no,invoice_type,invoice_date,invoice_year,invoice_quarter,invoice_month,invoice_dow,invoice_hour,is_complete_quarter,stock_code,description,line_type,is_product_line,is_revenue_line,quantity,unit_price,line_revenue,is_return,customer_id,is_identified_customer,country,is_country_known,operator_note,has_negative_price,is_extreme_quantity
INV00030,invoice,2021-01-11 10:00:00,2021,2021-Q1,2021-01,1,10,1,P004,DELTA LAMP,PRODUCT,1,1,7,9.0,63.0,0,CUST030,1,Oz,1,note INV00030,0,0
INV00257,invoice,2021-07-05 11:00:00,2021,2021-Q3,2021-07,0,11,0,P001,ALPHA MUG,PRODUCT,1,1,5,3.0,15.0,0,CUST035,1,Atlantis,1,note INV00257,0,0
INV00007,invoice,2021-02-15 13:00:00,2021,2021-Q1,2021-02,0,13,1,P002,BETA NOTEBOOK,PRODUCT,1,1,5,5.0,25.0,0,,0,Wonderland,1,note INV00007,0,0
INV00224,invoice,2021-07-05 11:00:00,2021,2021-Q3,2021-07,0,11,0,DISC,VOLUME DISCOUNT,DISCOUNT,0,1,1,-12.0,-12.0,0,,0,Wonderland,1,note INV00224,1,0
INV00221,invoice,2021-07-05 11:00:00,2021,2021-Q3,2021-07,0,11,0,MAN,MANUAL ADJUST,MANUAL,0,1,1,-25.0,-25.0,0,,0,Wonderland,1,note INV00221,1,0
INV00237,invoice,2021-07-05 11:00:00,2021,2021-Q3,2021-07,0,11,0,MAN,MANUAL ADJUST,MANUAL,0,1,1,-25.0,-25.0,0,,0,Oz,1,note INV00237,1,0
INV00202,invoice,2021-06-14 11:00:00,2021,2021-Q2,2021-06,0,11,1,P005,EPSILON CLOCK,PRODUCT,1,1,12,12.0,144.0,0,CUST017,1,Atlantis,1,note INV00202,0,0
INV00167,invoice,2021-05-27 16:00:00,2021,2021-Q2,2021-05,4,16,1,P001,ALPHA MUG,PRODUCT,1,1,6,3.0,18.0,0,CUST019,1,Narnia,1,note INV00167,0,0
INV00252,invoice,2021-07-05 11:00:00,2021,2021-Q3,2021-07,0,11,0,FEE,BANK FEE,FEE,0,1,1,-40.0,-40.0,0,,0,Narnia,1,note INV00252,1,0
INV00260,invoice,2021-07-05 11:00:00,2021,2021-Q3,2021-07,0,11,0,P004,DELTA LAMP,PRODUCT,1,1,8,9.0,72.0,0,,0,Atlantis,1,note INV00260,0,0
INV00031,invoice,2021-01-11 10:00:00,2021,2021-Q1,2021-01,1,10,1,P005,EPSILON CLOCK,PRODUCT,1,1,8,12.0,96.0,0,CUST031,1,Oz,1,note INV00031,0,0
INV00015,invoice,2021-03-08 12:00:00,2021,2021-Q1,2021-03,1,12,1,P005,EPSILON CLOCK,PRODUCT,1,1,8,12.0,96.0,0,,0,Wonderland,1,note INV00015,0,0
INV00197,invoice,2021-05-27 16:00:00,2021,2021-Q2,2021-05,4,16,1,P005,EPSILON CLOCK,PRODUCT,1,1,12,12.0,144.0,0,,0,Atlantis,1,note INV00197,0,0
INV00112,invoice,2021-05-20 14:00:00,2021,2021-Q2,2021-05,3,14,1,P003,GAMMA CANDLE,PRODUCT,1,1,6,2.5,15.0,0,,0,Wonderland,1,note INV00112,0,0
INV00271,invoice,2021-07-05 11:00:00,2021,2021-Q3,2021-07,0,11,0,CAR,CARRIAGE,CARRIAGE,0,1,1,30.0,30.0,0,,0,Atlantis,1,note INV00271,0,0
INV00103,invoice,2021-01-11 10:00:00,2021,2021-Q1,2021-01,1,10,1,CAR,CARRIAGE,CARRIAGE,0,1,1,30.0,30.0,0,,0,Atlantis,1,note INV00103,0,0
INV00131,invoice,2021-04-12 09:00:00,2021,2021-Q2,2021-04,2,9,1,P002,BETA NOTEBOOK,PRODUCT,1,1,13,5.0,65.0,0,CUST020,1,Oz,1,note INV00131,0,0
INV00136,invoice,2021-05-20 14:00:00,2021,2021-Q2,2021-05,3,14,1,P001,ALPHA MUG,PRODUCT,1,1,1,3.0,3.0,0,CUST025,1,Oz,1,note INV00136,0,0
INV00079,invoice,2021-01-11 10:00:00,2021,2021-Q1,2021-01,1,10,1,P002,BETA NOTEBOOK,PRODUCT,1,1,5,5.0,25.0,0,CUST005,1,Atlantis,1,note INV00079,0,0
INV00118,invoice,2021-05-27 16:00:00,2021,2021-Q2,2021-05,4,16,1,P004,DELTA LAMP,PRODUCT,1,1,7,9.0,63.0,0,CUST007,1,Wonderland,1,note INV00118,0,0
INV00048,invoice,2021-01-11 10:00:00,2021,2021-Q1,2021-01,1,10,1,FEE,BANK FEE,FEE,0,1,1,-40.0,-40.0,0,,0,Oz,1,note INV00048,1,0
INV00170,invoice,2021-05-27 16:00:00,2021,2021-Q2,2021-05,4,16,1,P004,DELTA LAMP,PRODUCT,1,1,9,9.0,81.0,0,CUST022,1,Narnia,1,note INV00170,0,0
INV00150,invoice,2021-06-14 11:00:00,2021,2021-Q2,2021-06,0,11,1,P005,EPSILON CLOCK,PRODUCT,1,1,16,12.0,192.0,0,CUST002,1,Oz,1,note INV00150,0,0
INV00128,invoice,2021-04-12 09:00:00,2021,2021-Q2,2021-04,2,9,1,ADJ,STOCK ADJUSTMENT,ADJUSTMENT,0,1,1,-15.0,-15.0,0,,0,Wonderland,1,note INV00128,1,0
INV00192,invoice,2021-05-20 14:00:00,2021,2021-Q2,2021-05,3,14,1,P005,EPSILON CLOCK,PRODUCT,1,1,12,12.0,144.0,0,CUST007,1,Atlantis,1,note INV00192,0,0
INV00094,invoice,2021-03-22 15:00:00,2021,2021-Q1,2021-03,1,15,1,P002,BETA NOTEBOOK,PRODUCT,1,1,5,5.0,25.0,0,CUST020,1,Atlantis,1,note INV00094,0,0
INV00044,invoice,2021-03-22 15:00:00,2021,2021-Q1,2021-03,1,15,1,P003,GAMMA CANDLE,PRODUCT,1,1,6,2.5,15.0,0,CUST007,1,Oz,1,note INV00044,0,0
INV00125,invoice,2021-04-12 09:00:00,2021,2021-Q2,2021-04,2,9,1,POST,DOTCOM POSTAGE,POSTAGE,0,1,1,5000.0,5000.0,0,,0,Wonderland,1,note INV00125,0,0
INV00147,invoice,2021-06-14 11:00:00,2021,2021-Q2,2021-06,0,11,1,P002,BETA NOTEBOOK,PRODUCT,1,1,13,5.0,65.0,0,,0,Oz,1,note INV00147,0,0
INV00028,invoice,2021-01-11 10:00:00,2021,2021-Q1,2021-01,1,10,1,P002,BETA NOTEBOOK,PRODUCT,1,1,5,5.0,25.0,0,,0,Oz,1,note INV00028,0,0
INV00127,invoice,2021-04-12 09:00:00,2021,2021-Q2,2021-04,2,9,1,MAN,MANUAL ADJUST,MANUAL,0,1,1,-25.0,-25.0,0,,0,Wonderland,1,note INV00127,1,0
INV00232,invoice,2021-08-09 10:00:00,2021,2021-Q3,2021-08,0,10,0,P003,GAMMA CANDLE,PRODUCT,1,1,7,2.5,17.5,0,,0,Oz,1,note INV00232,0,0
INV00115,invoice,2021-05-27 16:00:00,2021,2021-Q2,2021-05,4,16,1,P002,BETA NOTEBOOK,PRODUCT,1,1,5,5.0,25.0,0,CUST004,1,Wonderland,1,note INV00115,0,0
INV00262,invoice,2021-08-09 10:00:00,2021,2021-Q3,2021-08,0,10,0,P002,BETA NOTEBOOK,PRODUCT,1,1,6,5.0,30.0,0,CUST003,1,Atlantis,1,note INV00262,0,0
INV00001,invoice,2021-01-11 10:00:00,2021,2021-Q1,2021-01,1,10,1,P001,ALPHA MUG,PRODUCT,1,1,4,3.0,12.0,0,,0,Wonderland,1,note INV00001,0,0
INV00047,invoice,2021-01-11 10:00:00,2021,2021-Q1,2021-01,1,10,1,POST,DOTCOM POSTAGE,POSTAGE,0,1,1,5000.0,5000.0,0,,0,Oz,1,note INV00047,0,0
INV00033,invoice,2021-02-15 13:00:00,2021,2021-Q1,2021-02,0,13,1,P002,BETA NOTEBOOK,PRODUCT,1,1,5,5.0,25.0,0,CUST033,1,Oz,1,note INV00033,0,0
INV00027,invoice,2021-01-11 10:00:00,2021,2021-Q1,2021-01,1,10,1,P001,ALPHA MUG,PRODUCT,1,1,4,3.0,12.0,0,CUST027,1,Oz,1,note INV00027,0,0
INV00176,invoice,2021-06-14 11:00:00,2021,2021-Q2,2021-06,0,11,1,P005,EPSILON CLOCK,PRODUCT,1,1,10,12.0,120.0,0,,0,Narnia,1,note INV00176,0,0
INV00234,invoice,2021-08-09 10:00:00,2021,2021-Q3,2021-08,0,10,0,P005,EPSILON CLOCK,PRODUCT,1,1,9,12.0,108.0,0,CUST012,1,Oz,1,note INV00234,0,0
INV00012,invoice,2021-03-08 12:00:00,2021,2021-Q1,2021-03,1,12,1,P002,BETA NOTEBOOK,PRODUCT,1,1,5,5.0,25.0,0,CUST012,1,Wonderland,1,note INV00012,0,0
INV00200,invoice,2021-06-14 11:00:00,2021,2021-Q2,2021-06,0,11,1,P003,GAMMA CANDLE,PRODUCT,1,1,10,2.5,25.0,0,CUST015,1,Atlantis,1,note INV00200,0,0
INV00101,invoice,2021-01-11 10:00:00,2021,2021-Q1,2021-01,1,10,1,MAN,MANUAL ADJUST,MANUAL,0,1,1,-25.0,-25.0,0,,0,Atlantis,1,note INV00101,1,0
INV00262,invoice,2021-08-09 10:00:00,2021,2021-Q3,2021-08,0,10,0,P001,ALPHA MUG,PRODUCT,1,1,1,3.0,3.0,0,CUST003,1,Atlantis,1,note INV00262,0,0
INV00060,invoice,2021-02-15 13:00:00,2021,2021-Q1,2021-02,0,13,1,P003,GAMMA CANDLE,PRODUCT,1,1,6,2.5,15.0,0,CUST023,1,Narnia,1,note INV00060,0,0
INV00058,invoice,2021-02-15 13:00:00,2021,2021-Q1,2021-02,0,13,1,P001,ALPHA MUG,PRODUCT,1,1,4,3.0,12.0,0,CUST021,1,Narnia,1,note INV00058,0,0
INV00144,invoice,2021-05-27 16:00:00,2021,2021-Q2,2021-05,4,16,1,P004,DELTA LAMP,PRODUCT,1,1,15,9.0,135.0,0,CUST033,1,Oz,1,note INV00144,0,0
INV00283,cancellation,2021-04-18 10:00:00,2021,2021-Q2,2021-04,0,10,1,P001,ALPHA MUG,PRODUCT,1,1,-7,3.0,-21.0,1,CUST005,1,Oz,1,note INV00283,0,0
INV00171,invoice,2021-05-27 16:00:00,2021,2021-Q2,2021-05,4,16,1,P005,EPSILON CLOCK,PRODUCT,1,1,10,12.0,120.0,0,CUST023,1,Narnia,1,note INV00171,0,0
INV00008,invoice,2021-02-15 13:00:00,2021,2021-Q1,2021-02,0,13,1,P003,GAMMA CANDLE,PRODUCT,1,1,6,2.5,15.0,0,,0,Wonderland,1,note INV00008,0,0
INV00023,invoice,2021-01-11 10:00:00,2021,2021-Q1,2021-01,1,10,1,MAN,MANUAL ADJUST,MANUAL,0,1,1,-25.0,-25.0,0,,0,Wonderland,1,note INV00023,1,0
INV00241,invoice,2021-07-05 11:00:00,2021,2021-Q3,2021-07,0,11,0,P002,BETA NOTEBOOK,PRODUCT,1,1,6,5.0,30.0,0,CUST019,1,Narnia,1,note INV00241,0,0
INV00231,invoice,2021-08-09 10:00:00,2021,2021-Q3,2021-08,0,10,0,P002,BETA NOTEBOOK,PRODUCT,1,1,6,5.0,30.0,0,,0,Oz,1,note INV00231,0,0
INV00068,invoice,2021-03-22 15:00:00,2021,2021-Q1,2021-03,1,15,1,P001,ALPHA MUG,PRODUCT,1,1,1,3.0,3.0,0,CUST031,1,Narnia,1,note INV00068,0,0
INV00057,invoice,2021-01-11 10:00:00,2021,2021-Q1,2021-01,1,10,1,P005,EPSILON CLOCK,PRODUCT,1,1,8,12.0,96.0,0,,0,Narnia,1,note INV00057,0,0
INV00053,invoice,2021-01-11 10:00:00,2021,2021-Q1,2021-01,1,10,1,P001,ALPHA MUG,PRODUCT,1,1,1,3.0,3.0,0,CUST016,1,Narnia,1,note INV00053,0,0
INV00261,invoice,2021-07-05 11:00:00,2021,2021-Q3,2021-07,0,11,0,P005,EPSILON CLOCK,PRODUCT,1,1,9,12.0,108.0,0,CUST002,1,Atlantis,1,note INV00261,0,0
INV00281,cancellation,2021-04-18 10:00:00,2021,2021-Q2,2021-04,0,10,1,P004,DELTA LAMP,PRODUCT,1,1,-5,9.0,-45.0,1,CUST003,1,Atlantis,1,note INV00281,0,0
INV00078,invoice,2021-01-11 10:00:00,2021,2021-Q1,2021-01,1,10,1,DISC,VOLUME DISCOUNT,DISCOUNT,0,1,1,-12.0,-12.0,0,,0,Narnia,1,note INV00078,1,0
INV00143,invoice,2021-05-27 16:00:00,2021,2021-Q2,2021-05,4,16,1,P003,GAMMA CANDLE,PRODUCT,1,1,14,2.5,35.0,0,CUST032,1,Oz,1,note INV00143,0,0
INV00139,invoice,2021-05-20 14:00:00,2021,2021-Q2,2021-05,3,14,1,P004,DELTA LAMP,PRODUCT,1,1,15,9.0,135.0,0,CUST028,1,Oz,1,note INV00139,0,0
INV00256,invoice,2021-07-05 11:00:00,2021,2021-Q3,2021-07,0,11,0,DISC,VOLUME DISCOUNT,DISCOUNT,0,1,1,-12.0,-12.0,0,,0,Narnia,1,note INV00256,1,0
INV00159,invoice,2021-04-12 09:00:00,2021,2021-Q2,2021-04,2,9,1,P003,GAMMA CANDLE,PRODUCT,1,1,8,2.5,20.0,0,CUST011,1,Narnia,1,note INV00159,0,0
INV00184,invoice,2021-04-12 09:00:00,2021,2021-Q2,2021-04,2,9,1,P002,BETA NOTEBOOK,PRODUCT,1,1,9,5.0,45.0,0,CUST036,1,Atlantis,1,note INV00184,0,0
INV00141,invoice,2021-05-27 16:00:00,2021,2021-Q2,2021-05,4,16,1,P001,ALPHA MUG,PRODUCT,1,1,12,3.0,36.0,0,,0,Oz,1,note INV00141,0,0
INV00222,invoice,2021-07-05 11:00:00,2021,2021-Q3,2021-07,0,11,0,ADJ,STOCK ADJUSTMENT,ADJUSTMENT,0,1,1,-15.0,-15.0,0,,0,Wonderland,1,note INV00222,1,0
INV00100,invoice,2021-01-11 10:00:00,2021,2021-Q1,2021-01,1,10,1,FEE,BANK FEE,FEE,0,1,1,-40.0,-40.0,0,,0,Atlantis,1,note INV00100,1,0
INV00142,invoice,2021-05-27 16:00:00,2021,2021-Q2,2021-05,4,16,1,P002,BETA NOTEBOOK,PRODUCT,1,1,13,5.0,65.0,0,CUST031,1,Oz,1,note INV00142,0,0
INV00040,invoice,2021-03-08 12:00:00,2021,2021-Q1,2021-03,1,12,1,P004,DELTA LAMP,PRODUCT,1,1,7,9.0,63.0,0,CUST003,1,Oz,1,note INV00040,0,0
INV00211,invoice,2021-07-05 11:00:00,2021,2021-Q3,2021-07,0,11,0,P003,GAMMA CANDLE,PRODUCT,1,1,7,2.5,17.5,0,,0,Wonderland,1,note INV00211,0,0
INV00264,invoice,2021-08-09 10:00:00,2021,2021-Q3,2021-08,0,10,0,P003,GAMMA CANDLE,PRODUCT,1,1,7,2.5,17.5,0,CUST005,1,Atlantis,1,note INV00264,0,0
INV00043,invoice,2021-03-22 15:00:00,2021,2021-Q1,2021-03,1,15,1,P002,BETA NOTEBOOK,PRODUCT,1,1,5,5.0,25.0,0,,0,Oz,1,note INV00043,0,0
INV00263,invoice,2021-08-09 10:00:00,2021,2021-Q3,2021-08,0,10,0,P002,BETA NOTEBOOK,PRODUCT,1,1,6,5.0,30.0,0,CUST004,1,Atlantis,1,note INV00263,0,0
INV00272,invoice,2021-07-05 11:00:00,2021,2021-Q3,2021-07,0,11,0,DISC,VOLUME DISCOUNT,DISCOUNT,0,1,1,-12.0,-12.0,0,,0,Atlantis,1,note INV00272,1,0
INV00135,invoice,2021-04-12 09:00:00,2021,2021-Q2,2021-04,2,9,1,P005,EPSILON CLOCK,PRODUCT,1,1,16,12.0,192.0,0,CUST024,1,Oz,1,note INV00135,0,0
INV00079,invoice,2021-01-11 10:00:00,2021,2021-Q1,2021-01,1,10,1,P001,ALPHA MUG,PRODUCT,1,1,4,3.0,12.0,0,CUST005,1,Atlantis,1,note INV00079,0,0
INV00073,invoice,2021-01-11 10:00:00,2021,2021-Q1,2021-01,1,10,1,POST,DOTCOM POSTAGE,POSTAGE,0,1,1,5000.0,5000.0,0,,0,Narnia,1,note INV00073,0,0
INV00094,invoice,2021-03-22 15:00:00,2021,2021-Q1,2021-03,1,15,1,P001,ALPHA MUG,PRODUCT,1,1,4,3.0,12.0,0,CUST020,1,Atlantis,1,note INV00094,0,0
INV00068,invoice,2021-03-22 15:00:00,2021,2021-Q1,2021-03,1,15,1,P001,ALPHA MUG,PRODUCT,1,1,4,3.0,12.0,0,CUST031,1,Narnia,1,note INV00068,0,0
INV00156,invoice,2021-04-12 09:00:00,2021,2021-Q2,2021-04,2,9,1,DISC,VOLUME DISCOUNT,DISCOUNT,0,1,1,-12.0,-12.0,0,,0,Oz,1,note INV00156,1,0
INV00215,invoice,2021-08-09 10:00:00,2021,2021-Q3,2021-08,0,10,0,P002,BETA NOTEBOOK,PRODUCT,1,1,6,5.0,30.0,0,CUST030,1,Wonderland,1,note INV00215,0,0
INV00148,invoice,2021-06-14 11:00:00,2021,2021-Q2,2021-06,0,11,1,P003,GAMMA CANDLE,PRODUCT,1,1,14,2.5,35.0,0,,0,Oz,1,note INV00148,0,0
INV00063,invoice,2021-03-08 12:00:00,2021,2021-Q1,2021-03,1,12,1,P002,BETA NOTEBOOK,PRODUCT,1,1,5,5.0,25.0,0,,0,Narnia,1,note INV00063,0,0
INV00199,invoice,2021-06-14 11:00:00,2021,2021-Q2,2021-06,0,11,1,P002,BETA NOTEBOOK,PRODUCT,1,1,9,5.0,45.0,0,CUST014,1,Atlantis,1,note INV00199,0,0
INV00246,invoice,2021-08-09 10:00:00,2021,2021-Q3,2021-08,0,10,0,P002,BETA NOTEBOOK,PRODUCT,1,1,6,5.0,30.0,0,,0,Narnia,1,note INV00246,0,0
INV00236,invoice,2021-07-05 11:00:00,2021,2021-Q3,2021-07,0,11,0,FEE,BANK FEE,FEE,0,1,1,-40.0,-40.0,0,,0,Oz,1,note INV00236,1,0
INV00160,invoice,2021-04-12 09:00:00,2021,2021-Q2,2021-04,2,9,1,P004,DELTA LAMP,PRODUCT,1,1,9,9.0,81.0,0,CUST012,1,Narnia,1,note INV00160,0,0
INV00155,invoice,2021-04-12 09:00:00,2021,2021-Q2,2021-04,2,9,1,CAR,CARRIAGE,CARRIAGE,0,1,1,30.0,30.0,0,,0,Oz,1,note INV00155,0,0
INV00115,invoice,2021-05-27 16:00:00,2021,2021-Q2,2021-05,4,16,1,P001,ALPHA MUG,PRODUCT,1,1,4,3.0,12.0,0,CUST004,1,Wonderland,1,note INV00115,0,0
INV00050,invoice,2021-01-11 10:00:00,2021,2021-Q1,2021-01,1,10,1,ADJ,STOCK ADJUSTMENT,ADJUSTMENT,0,1,1,-15.0,-15.0,0,,0,Oz,1,note INV00050,1,0
INV00259,invoice,2021-07-05 11:00:00,2021,2021-Q3,2021-07,0,11,0,P003,GAMMA CANDLE,PRODUCT,1,1,7,2.5,17.5,0,,0,Atlantis,1,note INV00259,0,0
INV00275,invoice,2021-01-11 10:00:00,2021,2021-Q1,2021-01,1,10,1,P001,ALPHA MUG,PRODUCT,1,1,2,3.0,6.0,0,CUST002,1,Tortuga,1,note INV00275,0,0
INV00119,invoice,2021-05-27 16:00:00,2021,2021-Q2,2021-05,4,16,1,P005,EPSILON CLOCK,PRODUCT,1,1,8,12.0,96.0,0,,0,Wonderland,1,note INV00119,0,0
INV00107,invoice,2021-04-12 09:00:00,2021,2021-Q2,2021-04,2,9,1,P003,GAMMA CANDLE,PRODUCT,1,1,6,2.5,15.0,0,CUST033,1,Wonderland,1,note INV00107,0,0
INV00109,invoice,2021-04-12 09:00:00,2021,2021-Q2,2021-04,2,9,1,P005,EPSILON CLOCK,PRODUCT,1,1,8,12.0,96.0,0,CUST035,1,Wonderland,1,note INV00109,0,0
INV00001,invoice,2021-01-11 10:00:00,2021,2021-Q1,2021-01,1,10,1,P002,BETA NOTEBOOK,PRODUCT,1,1,5,5.0,25.0,0,,0,Wonderland,1,note INV00001,0,0
INV00064,invoice,2021-03-08 12:00:00,2021,2021-Q1,2021-03,1,12,1,P002,BETA NOTEBOOK,PRODUCT,1,1,5,5.0,25.0,0,,0,Narnia,1,note INV00064,0,0
INV00146,invoice,2021-06-14 11:00:00,2021,2021-Q2,2021-06,0,11,1,P002,BETA NOTEBOOK,PRODUCT,1,1,13,5.0,65.0,0,CUST035,1,Oz,1,note INV00146,0,0
INV00036,invoice,2021-02-15 13:00:00,2021,2021-Q1,2021-02,0,13,1,P005,EPSILON CLOCK,PRODUCT,1,1,8,12.0,96.0,0,,0,Oz,1,note INV00036,0,0
INV00194,invoice,2021-05-27 16:00:00,2021,2021-Q2,2021-05,4,16,1,P002,BETA NOTEBOOK,PRODUCT,1,1,9,5.0,45.0,0,CUST009,1,Atlantis,1,note INV00194,0,0
INV00081,invoice,2021-01-11 10:00:00,2021,2021-Q1,2021-01,1,10,1,P003,GAMMA CANDLE,PRODUCT,1,1,6,2.5,15.0,0,CUST007,1,Atlantis,1,note INV00081,0,0
INV00088,invoice,2021-02-15 13:00:00,2021,2021-Q1,2021-02,0,13,1,P005,EPSILON CLOCK,PRODUCT,1,1,8,12.0,96.0,0,CUST014,1,Atlantis,1,note INV00088,0,0
INV00062,invoice,2021-02-15 13:00:00,2021,2021-Q1,2021-02,0,13,1,P005,EPSILON CLOCK,PRODUCT,1,1,8,12.0,96.0,0,CUST025,1,Narnia,1,note INV00062,0,0
INV00149,invoice,2021-06-14 11:00:00,2021,2021-Q2,2021-06,0,11,1,P004,DELTA LAMP,PRODUCT,1,1,15,9.0,135.0,0,CUST001,1,Oz,1,note INV00149,0,0
INV00230,invoice,2021-08-09 10:00:00,2021,2021-Q3,2021-08,0,10,0,P002,BETA NOTEBOOK,PRODUCT,1,1,6,5.0,30.0,0,CUST008,1,Oz,1,note INV00230,0,0
INV00220,invoice,2021-07-05 11:00:00,2021,2021-Q3,2021-07,0,11,0,FEE,BANK FEE,FEE,0,1,1,-40.0,-40.0,0,,0,Wonderland,1,note INV00220,1,0
INV00157,invoice,2021-04-12 09:00:00,2021,2021-Q2,2021-04,2,9,1,P001,ALPHA MUG,PRODUCT,1,1,6,3.0,18.0,0,CUST009,1,Narnia,1,note INV00157,0,0
INV00230,invoice,2021-08-09 10:00:00,2021,2021-Q3,2021-08,0,10,0,P001,ALPHA MUG,PRODUCT,1,1,5,3.0,15.0,0,CUST008,1,Oz,1,note INV00230,0,0
INV00019,invoice,2021-03-22 15:00:00,2021,2021-Q1,2021-03,1,15,1,P004,DELTA LAMP,PRODUCT,1,1,7,9.0,63.0,0,CUST019,1,Wonderland,1,note INV00019,0,0
INV00058,invoice,2021-02-15 13:00:00,2021,2021-Q1,2021-02,0,13,1,P002,BETA NOTEBOOK,PRODUCT,1,1,5,5.0,25.0,0,CUST021,1,Narnia,1,note INV00058,0,0
INV00065,invoice,2021-03-08 12:00:00,2021,2021-Q1,2021-03,1,12,1,P003,GAMMA CANDLE,PRODUCT,1,1,6,2.5,15.0,0,CUST028,1,Narnia,1,note INV00065,0,0
INV00106,invoice,2021-04-12 09:00:00,2021,2021-Q2,2021-04,2,9,1,P002,BETA NOTEBOOK,PRODUCT,1,1,5,5.0,25.0,0,,0,Wonderland,1,note INV00106,0,0
INV00005,invoice,2021-01-11 10:00:00,2021,2021-Q1,2021-01,1,10,1,P005,EPSILON CLOCK,PRODUCT,1,1,8,12.0,96.0,0,CUST005,1,Wonderland,1,note INV00005,0,0
INV00161,invoice,2021-04-12 09:00:00,2021,2021-Q2,2021-04,2,9,1,P005,EPSILON CLOCK,PRODUCT,1,1,10,12.0,120.0,0,,0,Narnia,1,note INV00161,0,0
INV00131,invoice,2021-04-12 09:00:00,2021,2021-Q2,2021-04,2,9,1,P001,ALPHA MUG,PRODUCT,1,1,1,3.0,3.0,0,CUST020,1,Oz,1,note INV00131,0,0
INV00082,invoice,2021-01-11 10:00:00,2021,2021-Q1,2021-01,1,10,1,P004,DELTA LAMP,PRODUCT,1,1,7,9.0,63.0,0,CUST008,1,Atlantis,1,note INV00082,0,0
INV00175,invoice,2021-06-14 11:00:00,2021,2021-Q2,2021-06,0,11,1,P004,DELTA LAMP,PRODUCT,1,1,9,9.0,81.0,0,,0,Narnia,1,note INV00175,0,0
INV00210,invoice,2021-07-05 11:00:00,2021,2021-Q3,2021-07,0,11,0,P002,BETA NOTEBOOK,PRODUCT,1,1,6,5.0,30.0,0,,0,Wonderland,1,note INV00210,0,0
INV00146,invoice,2021-06-14 11:00:00,2021,2021-Q2,2021-06,0,11,1,P001,ALPHA MUG,PRODUCT,1,1,1,3.0,3.0,0,CUST035,1,Oz,1,note INV00146,0,0
INV00198,invoice,2021-06-14 11:00:00,2021,2021-Q2,2021-06,0,11,1,P002,BETA NOTEBOOK,PRODUCT,1,1,9,5.0,45.0,0,CUST013,1,Atlantis,1,note INV00198,0,0
INV00151,invoice,2021-04-12 09:00:00,2021,2021-Q2,2021-04,2,9,1,POST,DOTCOM POSTAGE,POSTAGE,0,1,1,5000.0,5000.0,0,,0,Oz,1,note INV00151,0,0
INV00071,invoice,2021-03-22 15:00:00,2021,2021-Q1,2021-03,1,15,1,P004,DELTA LAMP,PRODUCT,1,1,7,9.0,63.0,0,,0,Narnia,1,note INV00071,0,0
INV00177,invoice,2021-04-12 09:00:00,2021,2021-Q2,2021-04,2,9,1,POST,DOTCOM POSTAGE,POSTAGE,0,1,1,5000.0,5000.0,0,,0,Narnia,1,note INV00177,0,0
INV00205,invoice,2021-04-12 09:00:00,2021,2021-Q2,2021-04,2,9,1,MAN,MANUAL ADJUST,MANUAL,0,1,1,-25.0,-25.0,0,,0,Atlantis,1,note INV00205,1,0
INV00196,invoice,2021-05-27 16:00:00,2021,2021-Q2,2021-05,4,16,1,P004,DELTA LAMP,PRODUCT,1,1,11,9.0,99.0,0,,0,Atlantis,1,note INV00196,0,0
INV00198,invoice,2021-06-14 11:00:00,2021,2021-Q2,2021-06,0,11,1,P001,ALPHA MUG,PRODUCT,1,1,8,3.0,24.0,0,CUST013,1,Atlantis,1,note INV00198,0,0
INV00131,invoice,2021-04-12 09:00:00,2021,2021-Q2,2021-04,2,9,1,P001,ALPHA MUG,PRODUCT,1,1,12,3.0,36.0,0,CUST020,1,Oz,1,note INV00131,0,0
INV00096,invoice,2021-03-22 15:00:00,2021,2021-Q1,2021-03,1,15,1,P003,GAMMA CANDLE,PRODUCT,1,1,6,2.5,15.0,0,CUST022,1,Atlantis,1,note INV00096,0,0
INV00193,invoice,2021-05-27 16:00:00,2021,2021-Q2,2021-05,4,16,1,P002,BETA NOTEBOOK,PRODUCT,1,1,9,5.0,45.0,0,CUST008,1,Atlantis,1,note INV00193,0,0
INV00214,invoice,2021-08-09 10:00:00,2021,2021-Q3,2021-08,0,10,0,P001,ALPHA MUG,PRODUCT,1,1,1,3.0,3.0,0,CUST029,1,Wonderland,1,note INV00214,0,0
INV00084,invoice,2021-02-15 13:00:00,2021,2021-Q1,2021-02,0,13,1,P001,ALPHA MUG,PRODUCT,1,1,4,3.0,12.0,0,,0,Atlantis,1,note INV00084,0,0
INV00214,invoice,2021-08-09 10:00:00,2021,2021-Q3,2021-08,0,10,0,P001,ALPHA MUG,PRODUCT,1,1,5,3.0,15.0,0,CUST029,1,Wonderland,1,note INV00214,0,0
INV00105,invoice,2021-04-12 09:00:00,2021,2021-Q2,2021-04,2,9,1,P001,ALPHA MUG,PRODUCT,1,1,4,3.0,12.0,0,,0,Wonderland,1,note INV00105,0,0
INV00179,invoice,2021-04-12 09:00:00,2021,2021-Q2,2021-04,2,9,1,MAN,MANUAL ADJUST,MANUAL,0,1,1,-25.0,-25.0,0,,0,Narnia,1,note INV00179,1,0
INV00257,invoice,2021-07-05 11:00:00,2021,2021-Q3,2021-07,0,11,0,P002,BETA NOTEBOOK,PRODUCT,1,1,6,5.0,30.0,0,CUST035,1,Atlantis,1,note INV00257,0,0
INV00108,invoice,2021-04-12 09:00:00,2021,2021-Q2,2021-04,2,9,1,P004,DELTA LAMP,PRODUCT,1,1,7,9.0,63.0,0,CUST034,1,Wonderland,1,note INV00108,0,0
INV00039,invoice,2021-03-08 12:00:00,2021,2021-Q1,2021-03,1,12,1,P003,GAMMA CANDLE,PRODUCT,1,1,6,2.5,15.0,0,CUST002,1,Oz,1,note INV00039,0,0
INV00080,invoice,2021-01-11 10:00:00,2021,2021-Q1,2021-01,1,10,1,P002,BETA NOTEBOOK,PRODUCT,1,1,5,5.0,25.0,0,CUST006,1,Atlantis,1,note INV00080,0,0
INV00157,invoice,2021-04-12 09:00:00,2021,2021-Q2,2021-04,2,9,1,P002,BETA NOTEBOOK,PRODUCT,1,1,7,5.0,35.0,0,CUST009,1,Narnia,1,note INV00157,0,0
INV00273,invoice,2021-01-11 10:00:00,2021,2021-Q1,2021-01,1,10,1,P001,ALPHA MUG,PRODUCT,1,1,1,3.0,3.0,0,CUST001,1,Sark,1,note INV00273,0,0
INV00140,invoice,2021-05-20 14:00:00,2021,2021-Q2,2021-05,3,14,1,P005,EPSILON CLOCK,PRODUCT,1,1,16,12.0,192.0,0,,0,Oz,1,note INV00140,0,0
INV00052,invoice,2021-01-11 10:00:00,2021,2021-Q1,2021-01,1,10,1,DISC,VOLUME DISCOUNT,DISCOUNT,0,1,1,-12.0,-12.0,0,,0,Oz,1,note INV00052,1,0
INV00164,invoice,2021-05-20 14:00:00,2021,2021-Q2,2021-05,3,14,1,P003,GAMMA CANDLE,PRODUCT,1,1,8,2.5,20.0,0,CUST016,1,Narnia,1,note INV00164,0,0
INV00145,invoice,2021-05-27 16:00:00,2021,2021-Q2,2021-05,4,16,1,P005,EPSILON CLOCK,PRODUCT,1,1,16,12.0,192.0,0,CUST034,1,Oz,1,note INV00145,0,0
INV00110,invoice,2021-05-20 14:00:00,2021,2021-Q2,2021-05,3,14,1,P002,BETA NOTEBOOK,PRODUCT,1,1,5,5.0,25.0,0,CUST036,1,Wonderland,1,note INV00110,0,0
INV00266,invoice,2021-08-09 10:00:00,2021,2021-Q3,2021-08,0,10,0,P005,EPSILON CLOCK,PRODUCT,1,1,9,12.0,108.0,0,,0,Atlantis,1,note INV00266,0,0
INV00133,invoice,2021-04-12 09:00:00,2021,2021-Q2,2021-04,2,9,1,P003,GAMMA CANDLE,PRODUCT,1,1,14,2.5,35.0,0,,0,Oz,1,note INV00133,0,0
INV00091,invoice,2021-03-08 12:00:00,2021,2021-Q1,2021-03,1,12,1,P003,GAMMA CANDLE,PRODUCT,1,1,6,2.5,15.0,0,,0,Atlantis,1,note INV00091,0,0
INV00105,invoice,2021-04-12 09:00:00,2021,2021-Q2,2021-04,2,9,1,P002,BETA NOTEBOOK,PRODUCT,1,1,5,5.0,25.0,0,,0,Wonderland,1,note INV00105,0,0
INV00165,invoice,2021-05-20 14:00:00,2021,2021-Q2,2021-05,3,14,1,P004,DELTA LAMP,PRODUCT,1,1,9,9.0,81.0,0,CUST017,1,Narnia,1,note INV00165,0,0
INV00167,invoice,2021-05-27 16:00:00,2021,2021-Q2,2021-05,4,16,1,P002,BETA NOTEBOOK,PRODUCT,1,1,7,5.0,35.0,0,CUST019,1,Narnia,1,note INV00167,0,0
INV00173,invoice,2021-06-14 11:00:00,2021,2021-Q2,2021-06,0,11,1,P002,BETA NOTEBOOK,PRODUCT,1,1,7,5.0,35.0,0,CUST025,1,Narnia,1,note INV00173,0,0
INV00034,invoice,2021-02-15 13:00:00,2021,2021-Q1,2021-02,0,13,1,P003,GAMMA CANDLE,PRODUCT,1,1,6,2.5,15.0,0,CUST034,1,Oz,1,note INV00034,0,0
INV00083,invoice,2021-01-11 10:00:00,2021,2021-Q1,2021-01,1,10,1,P005,EPSILON CLOCK,PRODUCT,1,1,8,12.0,96.0,0,CUST009,1,Atlantis,1,note INV00083,0,0
INV00208,invoice,2021-04-12 09:00:00,2021,2021-Q2,2021-04,2,9,1,DISC,VOLUME DISCOUNT,DISCOUNT,0,1,1,-12.0,-12.0,0,,0,Atlantis,1,note INV00208,1,0
INV00183,invoice,2021-04-12 09:00:00,2021,2021-Q2,2021-04,2,9,1,P001,ALPHA MUG,PRODUCT,1,1,8,3.0,24.0,0,,0,Atlantis,1,note INV00183,0,0
INV00059,invoice,2021-02-15 13:00:00,2021,2021-Q1,2021-02,0,13,1,P002,BETA NOTEBOOK,PRODUCT,1,1,5,5.0,25.0,0,CUST022,1,Narnia,1,note INV00059,0,0
INV00121,invoice,2021-06-14 11:00:00,2021,2021-Q2,2021-06,0,11,1,P002,BETA NOTEBOOK,PRODUCT,1,1,5,5.0,25.0,0,CUST010,1,Wonderland,1,note INV00121,0,0
INV00124,invoice,2021-06-14 11:00:00,2021,2021-Q2,2021-06,0,11,1,P005,EPSILON CLOCK,PRODUCT,1,1,8,12.0,96.0,0,CUST013,1,Wonderland,1,note INV00124,0,0
INV00072,invoice,2021-03-22 15:00:00,2021,2021-Q1,2021-03,1,15,1,P005,EPSILON CLOCK,PRODUCT,1,1,8,12.0,96.0,0,CUST035,1,Narnia,1,note INV00072,0,0
INV00075,invoice,2021-01-11 10:00:00,2021,2021-Q1,2021-01,1,10,1,MAN,MANUAL ADJUST,MANUAL,0,1,1,-25.0,-25.0,0,,0,Narnia,1,note INV00075,1,0
INV00022,invoice,2021-01-11 10:00:00,2021,2021-Q1,2021-01,1,10,1,FEE,BANK FEE,FEE,0,1,1,-40.0,-40.0,0,,0,Wonderland,1,note INV00022,1,0
INV00154,invoice,2021-04-12 09:00:00,2021,2021-Q2,2021-04,2,9,1,ADJ,STOCK ADJUSTMENT,ADJUSTMENT,0,1,1,-15.0,-15.0,0,,0,Oz,1,note INV00154,1,0
INV00102,invoice,2021-01-11 10:00:00,2021,2021-Q1,2021-01,1,10,1,ADJ,STOCK ADJUSTMENT,ADJUSTMENT,0,1,1,-15.0,-15.0,0,,0,Atlantis,1,note INV00102,1,0
INV00092,invoice,2021-03-08 12:00:00,2021,2021-Q1,2021-03,1,12,1,P004,DELTA LAMP,PRODUCT,1,1,7,9.0,63.0,0,,0,Atlantis,1,note INV00092,0,0
INV00053,invoice,2021-01-11 10:00:00,2021,2021-Q1,2021-01,1,10,1,P002,BETA NOTEBOOK,PRODUCT,1,1,5,5.0,25.0,0,CUST016,1,Narnia,1,note INV00053,0,0
INV00130,invoice,2021-04-12 09:00:00,2021,2021-Q2,2021-04,2,9,1,DISC,VOLUME DISCOUNT,DISCOUNT,0,1,1,-12.0,-12.0,0,,0,Wonderland,1,note INV00130,1,0
INV00006,invoice,2021-02-15 13:00:00,2021,2021-Q1,2021-02,0,13,1,P002,BETA NOTEBOOK,PRODUCT,1,1,5,5.0,25.0,0,CUST006,1,Wonderland,1,note INV00006,0,0
INV00180,invoice,2021-04-12 09:00:00,2021,2021-Q2,2021-04,2,9,1,ADJ,STOCK ADJUSTMENT,ADJUSTMENT,0,1,1,-15.0,-15.0,0,,0,Narnia,1,note INV00180,1,0
INV00158,invoice,2021-04-12 09:00:00,2021,2021-Q2,2021-04,2,9,1,P002,BETA NOTEBOOK,PRODUCT,1,1,7,5.0,35.0,0,CUST010,1,Narnia,1,note INV00158,0,0
INV00002,invoice,2021-01-11 10:00:00,2021,2021-Q1,2021-01,1,10,1,P002,BETA NOTEBOOK,PRODUCT,1,1,5,5.0,25.0,0,CUST002,1,Wonderland,1,note INV00002,0,0
INV00248,invoice,2021-08-09 10:00:00,2021,2021-Q3,2021-08,0,10,0,P003,GAMMA CANDLE,PRODUCT,1,1,7,2.5,17.5,0,CUST026,1,Narnia,1,note INV00248,0,0
INV00277,invoice,2021-04-12 09:00:00,2021,2021-Q2,2021-04,2,9,1,P001,ALPHA MUG,PRODUCT,1,1,50,3.0,150.0,0,CUST002,1,Tortuga,1,note INV00277,0,0
INV00104,invoice,2021-01-11 10:00:00,2021,2021-Q1,2021-01,1,10,1,DISC,VOLUME DISCOUNT,DISCOUNT,0,1,1,-12.0,-12.0,0,,0,Atlantis,1,note INV00104,1,0
INV00245,invoice,2021-07-05 11:00:00,2021,2021-Q3,2021-07,0,11,0,P005,EPSILON CLOCK,PRODUCT,1,1,9,12.0,108.0,0,,0,Narnia,1,note INV00245,0,0
INV00132,invoice,2021-04-12 09:00:00,2021,2021-Q2,2021-04,2,9,1,P002,BETA NOTEBOOK,PRODUCT,1,1,13,5.0,65.0,0,CUST021,1,Oz,1,note INV00132,0,0
INV00185,invoice,2021-04-12 09:00:00,2021,2021-Q2,2021-04,2,9,1,P003,GAMMA CANDLE,PRODUCT,1,1,10,2.5,25.0,0,CUST000,1,Atlantis,1,note INV00185,0,0
INV00241,invoice,2021-07-05 11:00:00,2021,2021-Q3,2021-07,0,11,0,P001,ALPHA MUG,PRODUCT,1,1,5,3.0,15.0,0,CUST019,1,Narnia,1,note INV00241,0,0
INV00209,invoice,2021-07-05 11:00:00,2021,2021-Q3,2021-07,0,11,0,P001,ALPHA MUG,PRODUCT,1,1,5,3.0,15.0,0,CUST024,1,Wonderland,1,note INV00209,0,0
INV00191,invoice,2021-05-20 14:00:00,2021,2021-Q2,2021-05,3,14,1,P004,DELTA LAMP,PRODUCT,1,1,11,9.0,99.0,0,CUST006,1,Atlantis,1,note INV00191,0,0
INV00076,invoice,2021-01-11 10:00:00,2021,2021-Q1,2021-01,1,10,1,ADJ,STOCK ADJUSTMENT,ADJUSTMENT,0,1,1,-15.0,-15.0,0,,0,Narnia,1,note INV00076,1,0
INV00037,invoice,2021-03-08 12:00:00,2021,2021-Q1,2021-03,1,12,1,P002,BETA NOTEBOOK,PRODUCT,1,1,5,5.0,25.0,0,CUST000,1,Oz,1,note INV00037,0,0
INV00011,invoice,2021-03-08 12:00:00,2021,2021-Q1,2021-03,1,12,1,P001,ALPHA MUG,PRODUCT,1,1,4,3.0,12.0,0,CUST011,1,Wonderland,1,note INV00011,0,0
INV00251,invoice,2021-07-05 11:00:00,2021,2021-Q3,2021-07,0,11,0,POST,DOTCOM POSTAGE,POSTAGE,0,1,1,5000.0,5000.0,0,,0,Narnia,1,note INV00251,0,0
INV00268,invoice,2021-07-05 11:00:00,2021,2021-Q3,2021-07,0,11,0,FEE,BANK FEE,FEE,0,1,1,-40.0,-40.0,0,,0,Atlantis,1,note INV00268,1,0
INV00209,invoice,2021-07-05 11:00:00,2021,2021-Q3,2021-07,0,11,0,P001,ALPHA MUG,PRODUCT,1,1,1,3.0,3.0,0,CUST024,1,Wonderland,1,note INV00209,0,0
INV00006,invoice,2021-02-15 13:00:00,2021,2021-Q1,2021-02,0,13,1,P001,ALPHA MUG,PRODUCT,1,1,4,3.0,12.0,0,CUST006,1,Wonderland,1,note INV00006,0,0
INV00114,invoice,2021-05-20 14:00:00,2021,2021-Q2,2021-05,3,14,1,P005,EPSILON CLOCK,PRODUCT,1,1,8,12.0,96.0,0,CUST003,1,Wonderland,1,note INV00114,0,0
INV00038,invoice,2021-03-08 12:00:00,2021,2021-Q1,2021-03,1,12,1,P002,BETA NOTEBOOK,PRODUCT,1,1,5,5.0,25.0,0,CUST001,1,Oz,1,note INV00038,0,0
INV00049,invoice,2021-01-11 10:00:00,2021,2021-Q1,2021-01,1,10,1,MAN,MANUAL ADJUST,MANUAL,0,1,1,-25.0,-25.0,0,,0,Oz,1,note INV00049,1,0
INV00190,invoice,2021-05-20 14:00:00,2021,2021-Q2,2021-05,3,14,1,P003,GAMMA CANDLE,PRODUCT,1,1,10,2.5,25.0,0,,0,Atlantis,1,note INV00190,0,0
INV00053,invoice,2021-01-11 10:00:00,2021,2021-Q1,2021-01,1,10,1,P001,ALPHA MUG,PRODUCT,1,1,4,3.0,12.0,0,CUST016,1,Narnia,1,note INV00053,0,0
INV00070,invoice,2021-03-22 15:00:00,2021,2021-Q1,2021-03,1,15,1,P003,GAMMA CANDLE,PRODUCT,1,1,6,2.5,15.0,0,,0,Narnia,1,note INV00070,0,0
INV00172,invoice,2021-06-14 11:00:00,2021,2021-Q2,2021-06,0,11,1,P001,ALPHA MUG,PRODUCT,1,1,6,3.0,18.0,0,CUST024,1,Narnia,1,note INV00172,0,0
INV00235,invoice,2021-07-05 11:00:00,2021,2021-Q3,2021-07,0,11,0,POST,DOTCOM POSTAGE,POSTAGE,0,1,1,5000.0,5000.0,0,,0,Oz,1,note INV00235,0,0
INV00058,invoice,2021-02-15 13:00:00,2021,2021-Q1,2021-02,0,13,1,P001,ALPHA MUG,PRODUCT,1,1,1,3.0,3.0,0,CUST021,1,Narnia,1,note INV00058,0,0
INV00110,invoice,2021-05-20 14:00:00,2021,2021-Q2,2021-05,3,14,1,P001,ALPHA MUG,PRODUCT,1,1,4,3.0,12.0,0,CUST036,1,Wonderland,1,note INV00110,0,0
INV00146,invoice,2021-06-14 11:00:00,2021,2021-Q2,2021-06,0,11,1,P001,ALPHA MUG,PRODUCT,1,1,12,3.0,36.0,0,CUST035,1,Oz,1,note INV00146,0,0
INV00032,invoice,2021-02-15 13:00:00,2021,2021-Q1,2021-02,0,13,1,P002,BETA NOTEBOOK,PRODUCT,1,1,5,5.0,25.0,0,CUST032,1,Oz,1,note INV00032,0,0
INV00265,invoice,2021-08-09 10:00:00,2021,2021-Q3,2021-08,0,10,0,P004,DELTA LAMP,PRODUCT,1,1,8,9.0,72.0,0,CUST006,1,Atlantis,1,note INV00265,0,0
INV00218,invoice,2021-08-09 10:00:00,2021,2021-Q3,2021-08,0,10,0,P005,EPSILON CLOCK,PRODUCT,1,1,9,12.0,108.0,0,,0,Wonderland,1,note INV00218,0,0
INV00217,invoice,2021-08-09 10:00:00,2021,2021-Q3,2021-08,0,10,0,P004,DELTA LAMP,PRODUCT,1,1,8,9.0,72.0,0,,0,Wonderland,1,note INV00217,0,0
INV00269,invoice,2021-07-05 11:00:00,2021,2021-Q3,2021-07,0,11,0,MAN,MANUAL ADJUST,MANUAL,0,1,1,-25.0,-25.0,0,,0,Atlantis,1,note INV00269,1,0
INV00152,invoice,2021-04-12 09:00:00,2021,2021-Q2,2021-04,2,9,1,FEE,BANK FEE,FEE,0,1,1,-40.0,-40.0,0,,0,Oz,1,note INV00152,1,0
INV00134,invoice,2021-04-12 09:00:00,2021,2021-Q2,2021-04,2,9,1,P004,DELTA LAMP,PRODUCT,1,1,15,9.0,135.0,0,,0,Oz,1,note INV00134,0,0
INV00085,invoice,2021-02-15 13:00:00,2021,2021-Q1,2021-02,0,13,1,P002,BETA NOTEBOOK,PRODUCT,1,1,5,5.0,25.0,0,,0,Atlantis,1,note INV00085,0,0
INV00188,invoice,2021-05-20 14:00:00,2021,2021-Q2,2021-05,3,14,1,P002,BETA NOTEBOOK,PRODUCT,1,1,9,5.0,45.0,0,CUST003,1,Atlantis,1,note INV00188,0,0
INV00186,invoice,2021-04-12 09:00:00,2021,2021-Q2,2021-04,2,9,1,P004,DELTA LAMP,PRODUCT,1,1,11,9.0,99.0,0,CUST001,1,Atlantis,1,note INV00186,0,0
INV00203,invoice,2021-04-12 09:00:00,2021,2021-Q2,2021-04,2,9,1,POST,DOTCOM POSTAGE,POSTAGE,0,1,1,5000.0,5000.0,0,,0,Atlantis,1,note INV00203,0,0
INV00113,invoice,2021-05-20 14:00:00,2021,2021-Q2,2021-05,3,14,1,P004,DELTA LAMP,PRODUCT,1,1,7,9.0,63.0,0,,0,Wonderland,1,note INV00113,0,0
INV00055,invoice,2021-01-11 10:00:00,2021,2021-Q1,2021-01,1,10,1,P003,GAMMA CANDLE,PRODUCT,1,1,6,2.5,15.0,0,CUST018,1,Narnia,1,note INV00055,0,0
INV00247,invoice,2021-08-09 10:00:00,2021,2021-Q3,2021-08,0,10,0,P002,BETA NOTEBOOK,PRODUCT,1,1,6,5.0,30.0,0,CUST025,1,Narnia,1,note INV00247,0,0
INV00228,invoice,2021-07-05 11:00:00,2021,2021-Q3,2021-07,0,11,0,P004,DELTA LAMP,PRODUCT,1,1,8,9.0,72.0,0,CUST006,1,Oz,1,note INV00228,0,0
INV00067,invoice,2021-03-08 12:00:00,2021,2021-Q1,2021-03,1,12,1,P005,EPSILON CLOCK,PRODUCT,1,1,8,12.0,96.0,0,CUST030,1,Narnia,1,note INV00067,0,0
INV00063,invoice,2021-03-08 12:00:00,2021,2021-Q1,2021-03,1,12,1,P001,ALPHA MUG,PRODUCT,1,1,1,3.0,3.0,0,,0,Narnia,1,note INV00063,0,0
INV00195,invoice,2021-05-27 16:00:00,2021,2021-Q2,2021-05,4,16,1,P003,GAMMA CANDLE,PRODUCT,1,1,10,2.5,25.0,0,CUST010,1,Atlantis,1,note INV00195,0,0
INV00137,invoice,2021-05-20 14:00:00,2021,2021-Q2,2021-05,3,14,1,P002,BETA NOTEBOOK,PRODUCT,1,1,13,5.0,65.0,0,CUST026,1,Oz,1,note INV00137,0,0
INV00270,invoice,2021-07-05 11:00:00,2021,2021-Q3,2021-07,0,11,0,ADJ,STOCK ADJUSTMENT,ADJUSTMENT,0,1,1,-15.0,-15.0,0,,0,Atlantis,1,note INV00270,1,0
INV00027,invoice,2021-01-11 10:00:00,2021,2021-Q1,2021-01,1,10,1,P002,BETA NOTEBOOK,PRODUCT,1,1,5,5.0,25.0,0,CUST027,1,Oz,1,note INV00027,0,0
INV00061,invoice,2021-02-15 13:00:00,2021,2021-Q1,2021-02,0,13,1,P004,DELTA LAMP,PRODUCT,1,1,7,9.0,63.0,0,CUST024,1,Narnia,1,note INV00061,0,0
INV00004,invoice,2021-01-11 10:00:00,2021,2021-Q1,2021-01,1,10,1,P004,DELTA LAMP,PRODUCT,1,1,7,9.0,63.0,0,CUST004,1,Wonderland,1,note INV00004,0,0
INV00174,invoice,2021-06-14 11:00:00,2021,2021-Q2,2021-06,0,11,1,P003,GAMMA CANDLE,PRODUCT,1,1,8,2.5,20.0,0,CUST026,1,Narnia,1,note INV00174,0,0
INV00212,invoice,2021-07-05 11:00:00,2021,2021-Q3,2021-07,0,11,0,P004,DELTA LAMP,PRODUCT,1,1,8,9.0,72.0,0,CUST027,1,Wonderland,1,note INV00212,0,0
INV00201,invoice,2021-06-14 11:00:00,2021,2021-Q2,2021-06,0,11,1,P004,DELTA LAMP,PRODUCT,1,1,11,9.0,99.0,0,CUST016,1,Atlantis,1,note INV00201,0,0
INV00153,invoice,2021-04-12 09:00:00,2021,2021-Q2,2021-04,2,9,1,MAN,MANUAL ADJUST,MANUAL,0,1,1,-25.0,-25.0,0,,0,Oz,1,note INV00153,1,0
INV00183,invoice,2021-04-12 09:00:00,2021,2021-Q2,2021-04,2,9,1,P002,BETA NOTEBOOK,PRODUCT,1,1,9,5.0,45.0,0,,0,Atlantis,1,note INV00183,0,0
INV00216,invoice,2021-08-09 10:00:00,2021,2021-Q3,2021-08,0,10,0,P003,GAMMA CANDLE,PRODUCT,1,1,7,2.5,17.5,0,CUST031,1,Wonderland,1,note INV00216,0,0
INV00025,invoice,2021-01-11 10:00:00,2021,2021-Q1,2021-01,1,10,1,CAR,CARRIAGE,CARRIAGE,0,1,1,30.0,30.0,0,,0,Wonderland,1,note INV00025,0,0
INV00014,invoice,2021-03-08 12:00:00,2021,2021-Q1,2021-03,1,12,1,P004,DELTA LAMP,PRODUCT,1,1,7,9.0,63.0,0,,0,Wonderland,1,note INV00014,0,0
INV00045,invoice,2021-03-22 15:00:00,2021,2021-Q1,2021-03,1,15,1,P004,DELTA LAMP,PRODUCT,1,1,7,9.0,63.0,0,CUST008,1,Oz,1,note INV00045,0,0
INV00051,invoice,2021-01-11 10:00:00,2021,2021-Q1,2021-01,1,10,1,CAR,CARRIAGE,CARRIAGE,0,1,1,30.0,30.0,0,,0,Oz,1,note INV00051,0,0
INV00178,invoice,2021-04-12 09:00:00,2021,2021-Q2,2021-04,2,9,1,FEE,BANK FEE,FEE,0,1,1,-40.0,-40.0,0,,0,Narnia,1,note INV00178,1,0
INV00032,invoice,2021-02-15 13:00:00,2021,2021-Q1,2021-02,0,13,1,P001,ALPHA MUG,PRODUCT,1,1,4,3.0,12.0,0,CUST032,1,Oz,1,note INV00032,0,0
INV00117,invoice,2021-05-27 16:00:00,2021,2021-Q2,2021-05,4,16,1,P003,GAMMA CANDLE,PRODUCT,1,1,6,2.5,15.0,0,CUST006,1,Wonderland,1,note INV00117,0,0
INV00010,invoice,2021-02-15 13:00:00,2021,2021-Q1,2021-02,0,13,1,P005,EPSILON CLOCK,PRODUCT,1,1,8,12.0,96.0,0,CUST010,1,Wonderland,1,note INV00010,0,0
INV00089,invoice,2021-03-08 12:00:00,2021,2021-Q1,2021-03,1,12,1,P002,BETA NOTEBOOK,PRODUCT,1,1,5,5.0,25.0,0,CUST015,1,Atlantis,1,note INV00089,0,0
INV00207,invoice,2021-04-12 09:00:00,2021,2021-Q2,2021-04,2,9,1,CAR,CARRIAGE,CARRIAGE,0,1,1,30.0,30.0,0,,0,Atlantis,1,note INV00207,0,0
INV00136,invoice,2021-05-20 14:00:00,2021,2021-Q2,2021-05,3,14,1,P002,BETA NOTEBOOK,PRODUCT,1,1,13,5.0,65.0,0,CUST025,1,Oz,1,note INV00136,0,0
INV00066,invoice,2021-03-08 12:00:00,2021,2021-Q1,2021-03,1,12,1,P004,DELTA LAMP,PRODUCT,1,1,7,9.0,63.0,0,CUST029,1,Narnia,1,note INV00066,0,0
INV00229,invoice,2021-07-05 11:00:00,2021,2021-Q3,2021-07,0,11,0,P005,EPSILON CLOCK,PRODUCT,1,1,9,12.0,108.0,0,CUST007,1,Oz,1,note INV00229,0,0
INV00189,invoice,2021-05-20 14:00:00,2021,2021-Q2,2021-05,3,14,1,P002,BETA NOTEBOOK,PRODUCT,1,1,9,5.0,45.0,0,,0,Atlantis,1,note INV00189,0,0
INV00226,invoice,2021-07-05 11:00:00,2021,2021-Q3,2021-07,0,11,0,P002,BETA NOTEBOOK,PRODUCT,1,1,6,5.0,30.0,0,CUST004,1,Oz,1,note INV00226,0,0
INV00123,invoice,2021-06-14 11:00:00,2021,2021-Q2,2021-06,0,11,1,P004,DELTA LAMP,PRODUCT,1,1,7,9.0,63.0,0,CUST012,1,Wonderland,1,note INV00123,0,0
INV00262,invoice,2021-08-09 10:00:00,2021,2021-Q3,2021-08,0,10,0,P001,ALPHA MUG,PRODUCT,1,1,5,3.0,15.0,0,CUST003,1,Atlantis,1,note INV00262,0,0
INV00187,invoice,2021-04-12 09:00:00,2021,2021-Q2,2021-04,2,9,1,P005,EPSILON CLOCK,PRODUCT,1,1,12,12.0,144.0,0,CUST002,1,Atlantis,1,note INV00187,0,0
INV00063,invoice,2021-03-08 12:00:00,2021,2021-Q1,2021-03,1,12,1,P001,ALPHA MUG,PRODUCT,1,1,4,3.0,12.0,0,,0,Narnia,1,note INV00063,0,0
INV00193,invoice,2021-05-27 16:00:00,2021,2021-Q2,2021-05,4,16,1,P001,ALPHA MUG,PRODUCT,1,1,8,3.0,24.0,0,CUST008,1,Atlantis,1,note INV00193,0,0
INV00233,invoice,2021-08-09 10:00:00,2021,2021-Q3,2021-08,0,10,0,P004,DELTA LAMP,PRODUCT,1,1,8,9.0,72.0,0,CUST011,1,Oz,1,note INV00233,0,0
INV00122,invoice,2021-06-14 11:00:00,2021,2021-Q2,2021-06,0,11,1,P003,GAMMA CANDLE,PRODUCT,1,1,6,2.5,15.0,0,CUST011,1,Wonderland,1,note INV00122,0,0
INV00099,invoice,2021-01-11 10:00:00,2021,2021-Q1,2021-01,1,10,1,POST,DOTCOM POSTAGE,POSTAGE,0,1,1,5000.0,5000.0,0,,0,Atlantis,1,note INV00099,0,0
INV00084,invoice,2021-02-15 13:00:00,2021,2021-Q1,2021-02,0,13,1,P002,BETA NOTEBOOK,PRODUCT,1,1,5,5.0,25.0,0,,0,Atlantis,1,note INV00084,0,0
INV00141,invoice,2021-05-27 16:00:00,2021,2021-Q2,2021-05,4,16,1,P001,ALPHA MUG,PRODUCT,1,1,1,3.0,3.0,0,,0,Oz,1,note INV00141,0,0
INV00120,invoice,2021-06-14 11:00:00,2021,2021-Q2,2021-06,0,11,1,P001,ALPHA MUG,PRODUCT,1,1,4,3.0,12.0,0,,0,Wonderland,1,note INV00120,0,0
INV00020,invoice,2021-03-22 15:00:00,2021,2021-Q1,2021-03,1,15,1,P005,EPSILON CLOCK,PRODUCT,1,1,8,12.0,96.0,0,CUST020,1,Wonderland,1,note INV00020,0,0
INV00225,invoice,2021-07-05 11:00:00,2021,2021-Q3,2021-07,0,11,0,P001,ALPHA MUG,PRODUCT,1,1,5,3.0,15.0,0,,0,Oz,1,note INV00225,0,0
INV00162,invoice,2021-05-20 14:00:00,2021,2021-Q2,2021-05,3,14,1,P001,ALPHA MUG,PRODUCT,1,1,6,3.0,18.0,0,,0,Narnia,1,note INV00162,0,0
INV00163,invoice,2021-05-20 14:00:00,2021,2021-Q2,2021-05,3,14,1,P002,BETA NOTEBOOK,PRODUCT,1,1,7,5.0,35.0,0,CUST015,1,Narnia,1,note INV00163,0,0
INV00009,invoice,2021-02-15 13:00:00,2021,2021-Q1,2021-02,0,13,1,P004,DELTA LAMP,PRODUCT,1,1,7,9.0,63.0,0,CUST009,1,Wonderland,1,note INV00009,0,0
INV00035,invoice,2021-02-15 13:00:00,2021,2021-Q1,2021-02,0,13,1,P004,DELTA LAMP,PRODUCT,1,1,7,9.0,63.0,0,,0,Oz,1,note INV00035,0,0
INV00011,invoice,2021-03-08 12:00:00,2021,2021-Q1,2021-03,1,12,1,P002,BETA NOTEBOOK,PRODUCT,1,1,5,5.0,25.0,0,CUST011,1,Wonderland,1,note INV00011,0,0
INV00162,invoice,2021-05-20 14:00:00,2021,2021-Q2,2021-05,3,14,1,P002,BETA NOTEBOOK,PRODUCT,1,1,7,5.0,35.0,0,,0,Narnia,1,note INV00162,0,0
INV00258,invoice,2021-07-05 11:00:00,2021,2021-Q3,2021-07,0,11,0,P002,BETA NOTEBOOK,PRODUCT,1,1,6,5.0,30.0,0,CUST036,1,Atlantis,1,note INV00258,0,0
INV00209,invoice,2021-07-05 11:00:00,2021,2021-Q3,2021-07,0,11,0,P002,BETA NOTEBOOK,PRODUCT,1,1,6,5.0,30.0,0,CUST024,1,Wonderland,1,note INV00209,0,0
INV00188,invoice,2021-05-20 14:00:00,2021,2021-Q2,2021-05,3,14,1,P001,ALPHA MUG,PRODUCT,1,1,8,3.0,24.0,0,CUST003,1,Atlantis,1,note INV00188,0,0
INV00206,invoice,2021-04-12 09:00:00,2021,2021-Q2,2021-04,2,9,1,ADJ,STOCK ADJUSTMENT,ADJUSTMENT,0,1,1,-15.0,-15.0,0,,0,Atlantis,1,note INV00206,1,0
INV00068,invoice,2021-03-22 15:00:00,2021,2021-Q1,2021-03,1,15,1,P002,BETA NOTEBOOK,PRODUCT,1,1,5,5.0,25.0,0,CUST031,1,Narnia,1,note INV00068,0,0
INV00213,invoice,2021-07-05 11:00:00,2021,2021-Q3,2021-07,0,11,0,P005,EPSILON CLOCK,PRODUCT,1,1,9,12.0,108.0,0,CUST028,1,Wonderland,1,note INV00213,0,0
INV00120,invoice,2021-06-14 11:00:00,2021,2021-Q2,2021-06,0,11,1,P002,BETA NOTEBOOK,PRODUCT,1,1,5,5.0,25.0,0,,0,Wonderland,1,note INV00120,0,0
INV00214,invoice,2021-08-09 10:00:00,2021,2021-Q3,2021-08,0,10,0,P002,BETA NOTEBOOK,PRODUCT,1,1,6,5.0,30.0,0,CUST029,1,Wonderland,1,note INV00214,0,0
INV00225,invoice,2021-07-05 11:00:00,2021,2021-Q3,2021-07,0,11,0,P002,BETA NOTEBOOK,PRODUCT,1,1,6,5.0,30.0,0,,0,Oz,1,note INV00225,0,0
INV00240,invoice,2021-07-05 11:00:00,2021,2021-Q3,2021-07,0,11,0,DISC,VOLUME DISCOUNT,DISCOUNT,0,1,1,-12.0,-12.0,0,,0,Oz,1,note INV00240,1,0
INV00223,invoice,2021-07-05 11:00:00,2021,2021-Q3,2021-07,0,11,0,CAR,CARRIAGE,CARRIAGE,0,1,1,30.0,30.0,0,,0,Wonderland,1,note INV00223,0,0
INV00111,invoice,2021-05-20 14:00:00,2021,2021-Q2,2021-05,3,14,1,P002,BETA NOTEBOOK,PRODUCT,1,1,5,5.0,25.0,0,CUST000,1,Wonderland,1,note INV00111,0,0
INV00042,invoice,2021-03-22 15:00:00,2021,2021-Q1,2021-03,1,15,1,P001,ALPHA MUG,PRODUCT,1,1,4,3.0,12.0,0,,0,Oz,1,note INV00042,0,0
INV00074,invoice,2021-01-11 10:00:00,2021,2021-Q1,2021-01,1,10,1,FEE,BANK FEE,FEE,0,1,1,-40.0,-40.0,0,,0,Narnia,1,note INV00074,1,0
INV00016,invoice,2021-03-22 15:00:00,2021,2021-Q1,2021-03,1,15,1,P001,ALPHA MUG,PRODUCT,1,1,4,3.0,12.0,0,CUST016,1,Wonderland,1,note INV00016,0,0
INV00169,invoice,2021-05-27 16:00:00,2021,2021-Q2,2021-05,4,16,1,P003,GAMMA CANDLE,PRODUCT,1,1,8,2.5,20.0,0,,0,Narnia,1,note INV00169,0,0
INV00244,invoice,2021-07-05 11:00:00,2021,2021-Q3,2021-07,0,11,0,P004,DELTA LAMP,PRODUCT,1,1,8,9.0,72.0,0,CUST022,1,Narnia,1,note INV00244,0,0
INV00138,invoice,2021-05-20 14:00:00,2021,2021-Q2,2021-05,3,14,1,P003,GAMMA CANDLE,PRODUCT,1,1,14,2.5,35.0,0,CUST027,1,Oz,1,note INV00138,0,0
INV00278,cancellation,2021-04-18 10:00:00,2021,2021-Q2,2021-04,0,10,1,P001,ALPHA MUG,PRODUCT,1,1,-2,3.0,-6.0,1,CUST000,1,Wonderland,1,note INV00278,0,0
INV00172,invoice,2021-06-14 11:00:00,2021,2021-Q2,2021-06,0,11,1,P002,BETA NOTEBOOK,PRODUCT,1,1,7,5.0,35.0,0,CUST024,1,Narnia,1,note INV00172,0,0
INV00098,invoice,2021-03-22 15:00:00,2021,2021-Q1,2021-03,1,15,1,P005,EPSILON CLOCK,PRODUCT,1,1,8,12.0,96.0,0,,0,Atlantis,1,note INV00098,0,0
INV00017,invoice,2021-03-22 15:00:00,2021,2021-Q1,2021-03,1,15,1,P002,BETA NOTEBOOK,PRODUCT,1,1,5,5.0,25.0,0,CUST017,1,Wonderland,1,note INV00017,0,0
INV00029,invoice,2021-01-11 10:00:00,2021,2021-Q1,2021-01,1,10,1,P003,GAMMA CANDLE,PRODUCT,1,1,6,2.5,15.0,0,,0,Oz,1,note INV00029,0,0
INV00246,invoice,2021-08-09 10:00:00,2021,2021-Q3,2021-08,0,10,0,P001,ALPHA MUG,PRODUCT,1,1,5,3.0,15.0,0,,0,Narnia,1,note INV00246,0,0
INV00087,invoice,2021-02-15 13:00:00,2021,2021-Q1,2021-02,0,13,1,P004,DELTA LAMP,PRODUCT,1,1,7,9.0,63.0,0,CUST013,1,Atlantis,1,note INV00087,0,0
INV00238,invoice,2021-07-05 11:00:00,2021,2021-Q3,2021-07,0,11,0,ADJ,STOCK ADJUSTMENT,ADJUSTMENT,0,1,1,-15.0,-15.0,0,,0,Oz,1,note INV00238,1,0
INV00182,invoice,2021-04-12 09:00:00,2021,2021-Q2,2021-04,2,9,1,DISC,VOLUME DISCOUNT,DISCOUNT,0,1,1,-12.0,-12.0,0,,0,Narnia,1,note INV00182,1,0
INV00282,cancellation,2021-04-18 10:00:00,2021,2021-Q2,2021-04,0,10,1,P005,EPSILON CLOCK,PRODUCT,1,1,-6,12.0,-72.0,1,CUST004,1,Wonderland,1,note INV00282,0,0
INV00041,invoice,2021-03-08 12:00:00,2021,2021-Q1,2021-03,1,12,1,P005,EPSILON CLOCK,PRODUCT,1,1,8,12.0,96.0,0,CUST004,1,Oz,1,note INV00041,0,0
INV00239,invoice,2021-07-05 11:00:00,2021,2021-Q3,2021-07,0,11,0,CAR,CARRIAGE,CARRIAGE,0,1,1,30.0,30.0,0,,0,Oz,1,note INV00239,0,0
INV00086,invoice,2021-02-15 13:00:00,2021,2021-Q1,2021-02,0,13,1,P003,GAMMA CANDLE,PRODUCT,1,1,6,2.5,15.0,0,CUST012,1,Atlantis,1,note INV00086,0,0
INV00279,cancellation,2021-04-18 10:00:00,2021,2021-Q2,2021-04,0,10,1,P002,BETA NOTEBOOK,PRODUCT,1,1,-3,5.0,-15.0,1,CUST001,1,Oz,1,note INV00279,0,0
INV00077,invoice,2021-01-11 10:00:00,2021,2021-Q1,2021-01,1,10,1,CAR,CARRIAGE,CARRIAGE,0,1,1,30.0,30.0,0,,0,Narnia,1,note INV00077,0,0
INV00024,invoice,2021-01-11 10:00:00,2021,2021-Q1,2021-01,1,10,1,ADJ,STOCK ADJUSTMENT,ADJUSTMENT,0,1,1,-15.0,-15.0,0,,0,Wonderland,1,note INV00024,1,0
INV00276,cancellation,2021-01-11 10:00:00,2021,2021-Q1,2021-01,1,10,1,P001,ALPHA MUG,PRODUCT,1,1,-100,3.0,-300.0,1,CUST002,1,Tortuga,1,note INV00276,0,0
INV00166,invoice,2021-05-20 14:00:00,2021,2021-Q2,2021-05,3,14,1,P005,EPSILON CLOCK,PRODUCT,1,1,10,12.0,120.0,0,CUST018,1,Narnia,1,note INV00166,0,0
INV00227,invoice,2021-07-05 11:00:00,2021,2021-Q3,2021-07,0,11,0,P003,GAMMA CANDLE,PRODUCT,1,1,7,2.5,17.5,0,CUST005,1,Oz,1,note INV00227,0,0
INV00257,invoice,2021-07-05 11:00:00,2021,2021-Q3,2021-07,0,11,0,P001,ALPHA MUG,PRODUCT,1,1,1,3.0,3.0,0,CUST035,1,Atlantis,1,note INV00257,0,0
INV00267,invoice,2021-07-05 11:00:00,2021,2021-Q3,2021-07,0,11,0,POST,DOTCOM POSTAGE,POSTAGE,0,1,1,5000.0,5000.0,0,,0,Atlantis,1,note INV00267,0,0
INV00243,invoice,2021-07-05 11:00:00,2021,2021-Q3,2021-07,0,11,0,P003,GAMMA CANDLE,PRODUCT,1,1,7,2.5,17.5,0,CUST021,1,Narnia,1,note INV00243,0,0
INV00013,invoice,2021-03-08 12:00:00,2021,2021-Q1,2021-03,1,12,1,P003,GAMMA CANDLE,PRODUCT,1,1,6,2.5,15.0,0,CUST013,1,Wonderland,1,note INV00013,0,0
INV00254,invoice,2021-07-05 11:00:00,2021,2021-Q3,2021-07,0,11,0,ADJ,STOCK ADJUSTMENT,ADJUSTMENT,0,1,1,-15.0,-15.0,0,,0,Narnia,1,note INV00254,1,0
INV00181,invoice,2021-04-12 09:00:00,2021,2021-Q2,2021-04,2,9,1,CAR,CARRIAGE,CARRIAGE,0,1,1,30.0,30.0,0,,0,Narnia,1,note INV00181,0,0
INV00054,invoice,2021-01-11 10:00:00,2021,2021-Q1,2021-01,1,10,1,P002,BETA NOTEBOOK,PRODUCT,1,1,5,5.0,25.0,0,CUST017,1,Narnia,1,note INV00054,0,0
INV00126,invoice,2021-04-12 09:00:00,2021,2021-Q2,2021-04,2,9,1,FEE,BANK FEE,FEE,0,1,1,-40.0,-40.0,0,,0,Wonderland,1,note INV00126,1,0
INV00021,invoice,2021-01-11 10:00:00,2021,2021-Q1,2021-01,1,10,1,POST,DOTCOM POSTAGE,POSTAGE,0,1,1,5000.0,5000.0,0,,0,Wonderland,1,note INV00021,0,0
INV00168,invoice,2021-05-27 16:00:00,2021,2021-Q2,2021-05,4,16,1,P002,BETA NOTEBOOK,PRODUCT,1,1,7,5.0,35.0,0,,0,Narnia,1,note INV00168,0,0
INV00042,invoice,2021-03-22 15:00:00,2021,2021-Q1,2021-03,1,15,1,P002,BETA NOTEBOOK,PRODUCT,1,1,5,5.0,25.0,0,,0,Oz,1,note INV00042,0,0
INV00274,invoice,2021-04-12 09:00:00,2021,2021-Q2,2021-04,2,9,1,P001,ALPHA MUG,PRODUCT,1,1,4,3.0,12.0,0,CUST001,1,Sark,1,note INV00274,0,0
INV00280,cancellation,2021-04-18 10:00:00,2021,2021-Q2,2021-04,0,10,1,P003,GAMMA CANDLE,PRODUCT,1,1,-4,2.5,-10.0,1,CUST002,1,Narnia,1,note INV00280,0,0
INV00141,invoice,2021-05-27 16:00:00,2021,2021-Q2,2021-05,4,16,1,P002,BETA NOTEBOOK,PRODUCT,1,1,13,5.0,65.0,0,,0,Oz,1,note INV00141,0,0
INV00090,invoice,2021-03-08 12:00:00,2021,2021-Q1,2021-03,1,12,1,P002,BETA NOTEBOOK,PRODUCT,1,1,5,5.0,25.0,0,CUST016,1,Atlantis,1,note INV00090,0,0
INV00069,invoice,2021-03-22 15:00:00,2021,2021-Q1,2021-03,1,15,1,P002,BETA NOTEBOOK,PRODUCT,1,1,5,5.0,25.0,0,CUST032,1,Narnia,1,note INV00069,0,0
INV00250,invoice,2021-08-09 10:00:00,2021,2021-Q3,2021-08,0,10,0,P005,EPSILON CLOCK,PRODUCT,1,1,9,12.0,108.0,0,CUST028,1,Narnia,1,note INV00250,0,0
INV00255,invoice,2021-07-05 11:00:00,2021,2021-Q3,2021-07,0,11,0,CAR,CARRIAGE,CARRIAGE,0,1,1,30.0,30.0,0,,0,Narnia,1,note INV00255,0,0
INV00093,invoice,2021-03-08 12:00:00,2021,2021-Q1,2021-03,1,12,1,P005,EPSILON CLOCK,PRODUCT,1,1,8,12.0,96.0,0,CUST019,1,Atlantis,1,note INV00093,0,0
INV00003,invoice,2021-01-11 10:00:00,2021,2021-Q1,2021-01,1,10,1,P003,GAMMA CANDLE,PRODUCT,1,1,6,2.5,15.0,0,CUST003,1,Wonderland,1,note INV00003,0,0
INV00016,invoice,2021-03-22 15:00:00,2021,2021-Q1,2021-03,1,15,1,P002,BETA NOTEBOOK,PRODUCT,1,1,5,5.0,25.0,0,CUST016,1,Wonderland,1,note INV00016,0,0
INV00095,invoice,2021-03-22 15:00:00,2021,2021-Q1,2021-03,1,15,1,P002,BETA NOTEBOOK,PRODUCT,1,1,5,5.0,25.0,0,CUST021,1,Atlantis,1,note INV00095,0,0
INV00242,invoice,2021-07-05 11:00:00,2021,2021-Q3,2021-07,0,11,0,P002,BETA NOTEBOOK,PRODUCT,1,1,6,5.0,30.0,0,CUST020,1,Narnia,1,note INV00242,0,0
INV00026,invoice,2021-01-11 10:00:00,2021,2021-Q1,2021-01,1,10,1,DISC,VOLUME DISCOUNT,DISCOUNT,0,1,1,-12.0,-12.0,0,,0,Wonderland,1,note INV00026,1,0
INV00056,invoice,2021-01-11 10:00:00,2021,2021-Q1,2021-01,1,10,1,P004,DELTA LAMP,PRODUCT,1,1,7,9.0,63.0,0,,0,Narnia,1,note INV00056,0,0
INV00089,invoice,2021-03-08 12:00:00,2021,2021-Q1,2021-03,1,12,1,P001,ALPHA MUG,PRODUCT,1,1,4,3.0,12.0,0,CUST015,1,Atlantis,1,note INV00089,0,0
INV00129,invoice,2021-04-12 09:00:00,2021,2021-Q2,2021-04,2,9,1,CAR,CARRIAGE,CARRIAGE,0,1,1,30.0,30.0,0,,0,Wonderland,1,note INV00129,0,0
INV00018,invoice,2021-03-22 15:00:00,2021,2021-Q1,2021-03,1,15,1,P003,GAMMA CANDLE,PRODUCT,1,1,6,2.5,15.0,0,CUST018,1,Wonderland,1,note INV00018,0,0
INV00097,invoice,2021-03-22 15:00:00,2021,2021-Q1,2021-03,1,15,1,P004,DELTA LAMP,PRODUCT,1,1,7,9.0,63.0,0,CUST023,1,Atlantis,1,note INV00097,0,0
INV00046,invoice,2021-03-22 15:00:00,2021,2021-Q1,2021-03,1,15,1,P005,EPSILON CLOCK,PRODUCT,1,1,8,12.0,96.0,0,CUST009,1,Oz,1,note INV00046,0,0
INV00204,invoice,2021-04-12 09:00:00,2021,2021-Q2,2021-04,2,9,1,FEE,BANK FEE,FEE,0,1,1,-40.0,-40.0,0,,0,Atlantis,1,note INV00204,1,0
INV00136,invoice,2021-05-20 14:00:00,2021,2021-Q2,2021-05,3,14,1,P001,ALPHA MUG,PRODUCT,1,1,12,3.0,36.0,0,CUST025,1,Oz,1,note INV00136,0,0
INV00219,invoice,2021-07-05 11:00:00,2021,2021-Q3,2021-07,0,11,0,POST,DOTCOM POSTAGE,POSTAGE,0,1,1,5000.0,5000.0,0,,0,Wonderland,1,note INV00219,0,0
INV00249,invoice,2021-08-09 10:00:00,2021,2021-Q3,2021-08,0,10,0,P004,DELTA LAMP,PRODUCT,1,1,8,9.0,72.0,0,CUST027,1,Narnia,1,note INV00249,0,0
INV00037,invoice,2021-03-08 12:00:00,2021,2021-Q1,2021-03,1,12,1,P001,ALPHA MUG,PRODUCT,1,1,4,3.0,12.0,0,CUST000,1,Oz,1,note INV00037,0,0
INV00116,invoice,2021-05-27 16:00:00,2021,2021-Q2,2021-05,4,16,1,P002,BETA NOTEBOOK,PRODUCT,1,1,5,5.0,25.0,0,CUST005,1,Wonderland,1,note INV00116,0,0
INV00253,invoice,2021-07-05 11:00:00,2021,2021-Q3,2021-07,0,11,0,MAN,MANUAL ADJUST,MANUAL,0,1,1,-25.0,-25.0,0,,0,Narnia,1,note INV00253,1,0
